Category,Num_Train_Images,Num_Test_Images,Train_FeatExtraction_Time_sec,Train_FeatExtraction_PeakMem_MB,MemoryBankBuild_Time_sec,MemoryBankBuild_PeakMem_MB,Test_FeatExtraction_Time_sec,Test_FeatExtraction_PeakMem_MB,Test_FeatExtraction_TimePerImage_ms,kNN_Search_Time_sec,kNN_Search_PeakMem_MB,kNN_Search_TimePerImage_ms,PostProcessing_Time_sec,PostProcessing_PeakMem_MB,PostProcessing_TimePerImage_ms,Total_Inference_Time_sec,Total_Inference_TimePerImage_ms
bottle,209,83,17.57176792000007,173.703125,22.773938628999872,755.07958984375,3.708250053999791,172.171875,44.67771149397338,40.46155492400021,0.0,487.4886135421712,0.2657975339991481,0.38916015625,3.202379927700579,44.43560251199915,535.3687049638452
nut,220,115,16.6352482960001,173.703125,25.421645350000063,794.5078125,5.215887001000283,168.0,45.355539139132894,59.42521944000032,0.0,516.7410386086984,0.36201642500122944,0.38916015625,3.147968913054169,65.00312286600183,565.2445466608855
